[{"model": "admin.logentry", "pk": 1, "fields": {"action_time": "2023-11-22T09:00:49.208Z", "user": 1, "content_type": 6, "object_id": "2", "object_repr": "JohnDoe (, )", "action_flag": 1, "change_message": "[{\"added\": {}}]"}}, {"model": "admin.logentry", "pk": 2, "fields": {"action_time": "2023-11-22T09:01:50.442Z", "user": 1, "content_type": 6, "object_id": "3", "object_repr": "JaneSmith (, )", "action_flag": 1, "change_message": "[{\"added\": {}}]"}}, {"model": "admin.logentry", "pk": 3, "fields": {"action_time": "2023-11-22T09:02:38.042Z", "user": 1, "content_type": 6, "object_id": "4", "object_repr": "AlexJohnson (, )", "action_flag": 1, "change_message": "[{\"added\": {}}]"}}, {"model": "admin.logentry", "pk": 4, "fields": {"action_time": "2023-11-22T09:03:23.503Z", "user": 1, "content_type": 6, "object_id": "5", "object_repr": "EmilyBrown (Emily, Brown)", "action_flag": 1, "change_message": "[{\"added\": {}}]"}}, {"model": "admin.logentry", "pk": 5, "fields": {"action_time": "2023-11-22T09:04:22.034Z", "user": 1, "content_type": 6, "object_id": "6", "object_repr": "MikeWilson (Mike, Wilson)", "action_flag": 1, "change_message": "[{\"added\": {}}]"}}, {"model": "admin.logentry", "pk": 6, "fields": {"action_time": "2023-11-22T09:04:52.339Z", "user": 1, "content_type": 6, "object_id": "7", "object_repr": "SarahDavis (Sarah, Davis)", "action_flag": 1, "change_message": "[{\"added\": {}}]"}}, {"model": "admin.logentry", "pk": 7, "fields": {"action_time": "2023-11-22T09:05:25.791Z", "user": 1, "content_type": 6, "object_id": "8", "object_repr": "ChrisLee (Chris, Lee)", "action_flag": 1, "change_message": "[{\"added\": {}}]"}}, {"model": "admin.logentry", "pk": 8, "fields": {"action_time": "2023-11-22T09:05:56.389Z", "user": 1, "content_type": 6, "object_id": "9", "object_repr": "OliviaMartinez (Olivia, Martinez)", "action_flag": 1, "change_message": "[{\"added\": {}}]"}}, {"model": "admin.logentry", "pk": 9, "fields": {"action_time": "2023-11-22T09:06:23.740Z", "user": 1, "content_type": 6, "object_id": "10", "object_repr": "DanielTaylor (Daniel, Taylor)", "action_flag": 1, "change_message": "[{\"added\": {}}]"}}, {"model": "admin.logentry", "pk": 10, "fields": {"action_time": "2023-11-22T09:06:56.375Z", "user": 1, "content_type": 6, "object_id": "11", "object_repr": "SophiaAnderson (Sophia, Anderson)", "action_flag": 1, "change_message": "[{\"added\": {}}]"}}, {"model": "admin.logentry", "pk": 11, "fields": {"action_time": "2023-11-22T09:11:05.174Z", "user": 1, "content_type": 7, "object_id": "1", "object_repr": "Blockchain: Future of Transactions", "action_flag": 1, "change_message": "[{\"added\": {}}]"}}, {"model": "admin.logentry", "pk": 12, "fields": {"action_time": "2023-11-22T09:11:11.980Z", "user": 1, "content_type": 7, "object_id": "2", "object_repr": "Decentralized Finance Explained Simply", "action_flag": 1, "change_message": "[{\"added\": {}}]"}}, {"model": "admin.logentry", "pk": 13, "fields": {"action_time": "2023-11-22T09:11:21.286Z", "user": 1, "content_type": 7, "object_id": "3", "object_repr": "Crypto Market Trends Analysis", "action_flag": 1, "change_message": "[{\"added\": {}}]"}}, {"model": "admin.logentry", "pk": 14, "fields": {"action_time": "2023-11-22T09:11:28.350Z", "user": 1, "content_type": 7, "object_id": "4", "object_repr": "NFTs: Digital Collectibles Revolution", "action_flag": 1, "change_message": "[{\"added\": {}}]"}}, {"model": "admin.logentry", "pk": 15, "fields": {"action_time": "2023-11-22T09:11:35.666Z", "user": 1, "content_type": 7, "object_id": "5", "object_repr": "Understanding Cryptocurrency Basics", "action_flag": 1, "change_message": "[{\"added\": {}}]"}}, {"model": "admin.logentry", "pk": 16, "fields": {"action_time": "2023-11-22T09:11:42.593Z", "user": 1, "content_type": 7, "object_id": "6", "object_repr": "Risks and Rewards in Crypto", "action_flag": 1, "change_message": "[{\"added\": {}}]"}}, {"model": "admin.logentry", "pk": 17, "fields": {"action_time": "2023-11-22T09:11:50.224Z", "user": 1, "content_type": 7, "object_id": "7", "object_repr": "Wallet Security: Best Practices", "action_flag": 1, "change_message": "[{\"added\": {}}]"}}, {"model": "admin.logentry", "pk": 18, "fields": {"action_time": "2023-11-22T09:11:58.763Z", "user": 1, "content_type": 7, "object_id": "8", "object_repr": "Ethereum: Smart Contract Innovation", "action_flag": 1, "change_message": "[{\"added\": {}}]"}}, {"model": "admin.logentry", "pk": 19, "fields": {"action_time": "2023-11-22T09:12:05.079Z", "user": 1, "content_type": 7, "object_id": "9", "object_repr": "Bitcoin's Impact on Finance", "action_flag": 1, "change_message": "[{\"added\": {}}]"}}, {"model": "admin.logentry", "pk": 20, "fields": {"action_time": "2023-11-22T09:12:11.070Z", "user": 1, "content_type": 7, "object_id": "10", "object_repr": "Altcoins: Diversifying Investment Portfolios", "action_flag": 1, "change_message": "[{\"added\": {}}]"}}, {"model": "admin.logentry", "pk": 21, "fields": {"action_time": "2023-11-22T09:12:16.665Z", "user": 1, "content_type": 7, "object_id": "11", "object_repr": "ICO Investing: Key Considerations", "action_flag": 1, "change_message": "[{\"added\": {}}]"}}, {"model": "admin.logentry", "pk": 22, "fields": {"action_time": "2023-11-22T09:12:23.571Z", "user": 1, "content_type": 7, "object_id": "12", "object_repr": "Regulation: Balancing Crypto Landscape", "action_flag": 1, "change_message": "[{\"added\": {}}]"}}, {"model": "admin.logentry", "pk": 23, "fields": {"action_time": "2023-11-22T09:12:32.879Z", "user": 1, "content_type": 7, "object_id": "13", "object_repr": "Mining: Generating Digital Assets", "action_flag": 1, "change_message": "[{\"added\": {}}]"}}, {"model": "admin.logentry", "pk": 24, "fields": {"action_time": "2023-11-22T09:12:39.614Z", "user": 1, "content_type": 7, "object_id": "14", "object_repr": "Crypto Trading Strategies Demystified", "action_flag": 1, "change_message": "[{\"added\": {}}]"}}, {"model": "admin.logentry", "pk": 25, "fields": {"action_time": "2023-11-22T09:12:47.035Z", "user": 1, "content_type": 7, "object_id": "15", "object_repr": "Cryptocurrency Adoption Worldwide", "action_flag": 1, "change_message": "[{\"added\": {}}]"}}, {"model": "admin.logentry", "pk": 26, "fields": {"action_time": "2023-11-22T09:15:47.215Z", "user": 1, "content_type": 8, "object_id": "1", "object_repr": "Revolutionizing Transactions: The Blockchain Impact", "action_flag": 1, "change_message": "[{\"added\": {}}]"}}, {"model": "admin.logentry", "pk": 27, "fields": {"action_time": "2023-11-22T09:16:28.347Z", "user": 1, "content_type": 8, "object_id": "2", "object_repr": "Democratizing Finance: The DeFi Revolution", "action_flag": 1, "change_message": "[{\"added\": {}}]"}}, {"model": "admin.logentry", "pk": 28, "fields": {"action_time": "2023-11-22T09:17:12.556Z", "user": 1, "content_type": 8, "object_id": "3", "object_repr": "Unveiling Crypto Market Trends: An Analysis", "action_flag": 1, "change_message": "[{\"added\": {}}]"}}, {"model": "admin.logentry", "pk": 29, "fields": {"action_time": "2023-11-22T09:18:02.595Z", "user": 1, "content_type": 8, "object_id": "4", "object_repr": "NFTs: Transforming Collectibles in Digital Space", "action_flag": 1, "change_message": "[{\"added\": {}}]"}}, {"model": "admin.logentry", "pk": 30, "fields": {"action_time": "2023-11-22T09:19:05.930Z", "user": 1, "content_type": 8, "object_id": "5", "object_repr": "Grasping Cryptocurrency Fundamentals", "action_flag": 1, "change_message": "[{\"added\": {}}]"}}, {"model": "admin.logentry", "pk": 31, "fields": {"action_time": "2023-11-22T09:19:38.373Z", "user": 1, "content_type": 8, "object_id": "6", "object_repr": "Navigating Risks and Rewards in Crypto", "action_flag": 1, "change_message": "[{\"added\": {}}]"}}, {"model": "admin.logentry", "pk": 32, "fields": {"action_time": "2023-11-22T09:20:00.935Z", "user": 1, "content_type": 8, "object_id": "7", "object_repr": "Securing Your Crypto: Wallet Best Practices", "action_flag": 1, "change_message": "[{\"added\": {}}]"}}, {"model": "admin.logentry", "pk": 33, "fields": {"action_time": "2023-11-22T09:20:48.479Z", "user": 1, "content_type": 8, "object_id": "8", "object_repr": "Ethereum: Pioneering Smart Contract Technology", "action_flag": 1, "change_message": "[{\"added\": {}}]"}}, {"model": "admin.logentry", "pk": 34, "fields": {"action_time": "2023-11-22T09:21:21.923Z", "user": 1, "content_type": 8, "object_id": "9", "object_repr": "Bitcoin's Influence on Financial Landscapes", "action_flag": 1, "change_message": "[{\"added\": {}}]"}}, {"model": "admin.logentry", "pk": 35, "fields": {"action_time": "2023-11-22T09:21:42.789Z", "user": 1, "content_type": 8, "object_id": "10", "object_repr": "Altcoins: Broadening Investment Horizons", "action_flag": 1, "change_message": "[{\"added\": {}}]"}}, {"model": "admin.logentry", "pk": 36, "fields": {"action_time": "2023-11-22T09:22:19.387Z", "user": 1, "content_type": 8, "object_id": "11", "object_repr": "ICO Investments: Critical Factors", "action_flag": 1, "change_message": "[{\"added\": {}}]"}}, {"model": "admin.logentry", "pk": 37, "fields": {"action_time": "2023-11-22T09:22:45.575Z", "user": 1, "content_type": 8, "object_id": "12", "object_repr": "Crypto Regulation: Striking a Balance", "action_flag": 1, "change_message": "[{\"added\": {}}]"}}, {"model": "admin.logentry", "pk": 38, "fields": {"action_time": "2023-11-22T09:23:50.923Z", "user": 1, "content_type": 8, "object_id": "13", "object_repr": "Mining: Creating Digital Assets", "action_flag": 1, "change_message": "[{\"added\": {}}]"}}, {"model": "admin.logentry", "pk": 39, "fields": {"action_time": "2023-11-22T09:24:17.515Z", "user": 1, "content_type": 8, "object_id": "14", "object_repr": "Decoding Crypto Trading Strategies", "action_flag": 1, "change_message": "[{\"added\": {}}]"}}, {"model": "admin.logentry", "pk": 40, "fields": {"action_time": "2023-11-22T09:24:44.006Z", "user": 1, "content_type": 8, "object_id": "15", "object_repr": "Global Cryptocurrency Adoption Trends", "action_flag": 1, "change_message": "[{\"added\": {}}]"}}, {"model": "admin.logentry", "pk": 41, "fields": {"action_time": "2023-11-22T13:32:24.771Z", "user": 1, "content_type": 6, "object_id": "12", "object_repr": "Test (, )", "action_flag": 1, "change_message": "[{\"added\": {}}]"}}, {"model": "admin.logentry", "pk": 42, "fields": {"action_time": "2023-11-22T13:33:12.565Z", "user": 1, "content_type": 6, "object_id": "12", "object_repr": "Test (, )", "action_flag": 3, "change_message": ""}}, {"model": "admin.logentry", "pk": 43, "fields": {"action_time": "2023-11-23T09:02:59.716Z", "user": 1, "content_type": 6, "object_id": "13", "object_repr": "test (, )", "action_flag": 1, "change_message": "[{\"added\": {}}]"}}, {"model": "admin.logentry", "pk": 44, "fields": {"action_time": "2023-11-23T09:03:24.643Z", "user": 1, "content_type": 6, "object_id": "13", "object_repr": "AAA (, )", "action_flag": 2, "change_message": "[{\"changed\": {\"fields\": [\"Username\"]}}]"}}, {"model": "admin.logentry", "pk": 45, "fields": {"action_time": "2023-11-23T09:28:36.121Z", "user": 1, "content_type": 8, "object_id": "17", "object_repr": "test", "action_flag": 2, "change_message": "[{\"changed\": {\"fields\": [\"Publishers\"]}}]"}}, {"model": "admin.logentry", "pk": 46, "fields": {"action_time": "2023-11-23T09:29:23.650Z", "user": 1, "content_type": 8, "object_id": "17", "object_repr": "test", "action_flag": 2, "change_message": "[{\"changed\": {\"fields\": [\"Publishers\"]}}]"}}, {"model": "admin.logentry", "pk": 47, "fields": {"action_time": "2023-11-23T09:29:38.138Z", "user": 1, "content_type": 8, "object_id": "17", "object_repr": "test", "action_flag": 2, "change_message": "[{\"changed\": {\"fields\": [\"Publishers\"]}}]"}}, {"model": "auth.permission", "pk": 1, "fields": {"name": "Can add log entry", "content_type": 1, "codename": "add_logentry"}}, {"model": "auth.permission", "pk": 2, "fields": {"name": "Can change log entry", "content_type": 1, "codename": "change_logentry"}}, {"model": "auth.permission", "pk": 3, "fields": {"name": "Can delete log entry", "content_type": 1, "codename": "delete_logentry"}}, {"model": "auth.permission", "pk": 4, "fields": {"name": "Can view log entry", "content_type": 1, "codename": "view_logentry"}}, {"model": "auth.permission", "pk": 5, "fields": {"name": "Can add permission", "content_type": 2, "codename": "add_permission"}}, {"model": "auth.permission", "pk": 6, "fields": {"name": "Can change permission", "content_type": 2, "codename": "change_permission"}}, {"model": "auth.permission", "pk": 7, "fields": {"name": "Can delete permission", "content_type": 2, "codename": "delete_permission"}}, {"model": "auth.permission", "pk": 8, "fields": {"name": "Can view permission", "content_type": 2, "codename": "view_permission"}}, {"model": "auth.permission", "pk": 9, "fields": {"name": "Can add group", "content_type": 3, "codename": "add_group"}}, {"model": "auth.permission", "pk": 10, "fields": {"name": "Can change group", "content_type": 3, "codename": "change_group"}}, {"model": "auth.permission", "pk": 11, "fields": {"name": "Can delete group", "content_type": 3, "codename": "delete_group"}}, {"model": "auth.permission", "pk": 12, "fields": {"name": "Can view group", "content_type": 3, "codename": "view_group"}}, {"model": "auth.permission", "pk": 13, "fields": {"name": "Can add content type", "content_type": 4, "codename": "add_contenttype"}}, {"model": "auth.permission", "pk": 14, "fields": {"name": "Can change content type", "content_type": 4, "codename": "change_contenttype"}}, {"model": "auth.permission", "pk": 15, "fields": {"name": "Can delete content type", "content_type": 4, "codename": "delete_contenttype"}}, {"model": "auth.permission", "pk": 16, "fields": {"name": "Can view content type", "content_type": 4, "codename": "view_contenttype"}}, {"model": "auth.permission", "pk": 17, "fields": {"name": "Can add session", "content_type": 5, "codename": "add_session"}}, {"model": "auth.permission", "pk": 18, "fields": {"name": "Can change session", "content_type": 5, "codename": "change_session"}}, {"model": "auth.permission", "pk": 19, "fields": {"name": "Can delete session", "content_type": 5, "codename": "delete_session"}}, {"model": "auth.permission", "pk": 20, "fields": {"name": "Can view session", "content_type": 5, "codename": "view_session"}}, {"model": "auth.permission", "pk": 21, "fields": {"name": "Can add redactor", "content_type": 6, "codename": "add_redactor"}}, {"model": "auth.permission", "pk": 22, "fields": {"name": "Can change redactor", "content_type": 6, "codename": "change_redactor"}}, {"model": "auth.permission", "pk": 23, "fields": {"name": "Can delete redactor", "content_type": 6, "codename": "delete_redactor"}}, {"model": "auth.permission", "pk": 24, "fields": {"name": "Can view redactor", "content_type": 6, "codename": "view_redactor"}}, {"model": "auth.permission", "pk": 25, "fields": {"name": "Can add topic", "content_type": 7, "codename": "add_topic"}}, {"model": "auth.permission", "pk": 26, "fields": {"name": "Can change topic", "content_type": 7, "codename": "change_topic"}}, {"model": "auth.permission", "pk": 27, "fields": {"name": "Can delete topic", "content_type": 7, "codename": "delete_topic"}}, {"model": "auth.permission", "pk": 28, "fields": {"name": "Can view topic", "content_type": 7, "codename": "view_topic"}}, {"model": "auth.permission", "pk": 29, "fields": {"name": "Can add newspaper", "content_type": 8, "codename": "add_newspaper"}}, {"model": "auth.permission", "pk": 30, "fields": {"name": "Can change newspaper", "content_type": 8, "codename": "change_newspaper"}}, {"model": "auth.permission", "pk": 31, "fields": {"name": "Can delete newspaper", "content_type": 8, "codename": "delete_newspaper"}}, {"model": "auth.permission", "pk": 32, "fields": {"name": "Can view newspaper", "content_type": 8, "codename": "view_newspaper"}}, {"model": "contenttypes.contenttype", "pk": 1, "fields": {"app_label": "admin", "model": "logentry"}}, {"model": "contenttypes.contenttype", "pk": 2, "fields": {"app_label": "auth", "model": "permission"}}, {"model": "contenttypes.contenttype", "pk": 3, "fields": {"app_label": "auth", "model": "group"}}, {"model": "contenttypes.contenttype", "pk": 4, "fields": {"app_label": "contenttypes", "model": "contenttype"}}, {"model": "contenttypes.contenttype", "pk": 5, "fields": {"app_label": "sessions", "model": "session"}}, {"model": "contenttypes.contenttype", "pk": 6, "fields": {"app_label": "redactors_tracking", "model": "redactor"}}, {"model": "contenttypes.contenttype", "pk": 7, "fields": {"app_label": "redactors_tracking", "model": "topic"}}, {"model": "contenttypes.contenttype", "pk": 8, "fields": {"app_label": "redactors_tracking", "model": "newspaper"}}, {"model": "sessions.session", "pk": "05i1kcnk1zvcnq3eilc3eue9dr55uehw", "fields": {"session_data": ".eJxVjEEOwiAQRe_C2hCQYhmX7j0DmWEYqRpISrsy3l2bdKHb_977LxVxXUpce57jxOqsrDr8boTpkesG-I711nRqdZkn0puid9r1tXF-Xnb376BgL986OALjvLA4RKJTAkEIBJQGazllkEA2jIHZJzmyNZJHsiLeuAEckHp_ABOeOQI:1r5rV1:pTVIk6UgMxaLBgf6mKbdwhoX98I-aZEaYIvvn6lLZr0", "expire_date": "2023-12-06T17:58:55.585Z"}}, {"model": "sessions.session", "pk": "05pf4cklblaxc802hpe6erbu5oef7zx2", "fields": {"session_data": ".eJxVjEEOwiAQRe_C2hCQYhmX7j0DmWEYqRpISrsy3l2bdKHb_977LxVxXUpce57jxOqsrDr8boTpkesG-I711nRqdZkn0puid9r1tXF-Xnb376BgL986OALjvLA4RKJTAkEIBJQGazllkEA2jIHZJzmyNZJHsiLeuAEckHp_ABOeOQI:1r5s5o:s9z0ZgS1aI6aXtjKG9qlytYNTiqREfRrLsHrZEwk-YM", "expire_date": "2023-12-06T18:36:56.233Z"}}, {"model": "sessions.session", "pk": "06ph1g3vjfawdpn313gfzcg6nd75p9ac", "fields": {"session_data": ".eJxVjEEOwiAQRe_C2hCQYhmX7j0DmWEYqRpISrsy3l2bdKHb_977LxVxXUpce57jxOqsrDr8boTpkesG-I711nRqdZkn0puid9r1tXF-Xnb376BgL986OALjvLA4RKJTAkEIBJQGazllkEA2jIHZJzmyNZJHsiLeuAEckHp_ABOeOQI:1r5nKP:c2rabKPRvVRWE7evfw29C2k9be-8m8bG9Ue2z6ZvLwY", "expire_date": "2023-12-06T13:31:41.491Z"}}, {"model": "sessions.session", "pk": "25c9ibohz0aocw80iuroa0ytrslw7itp", "fields": {"session_data": ".eJxVjEEOwiAQRe_C2hCQYhmX7j0DmWEYqRpISrsy3l2bdKHb_977LxVxXUpce57jxOqsrDr8boTpkesG-I711nRqdZkn0puid9r1tXF-Xnb376BgL986OALjvLA4RKJTAkEIBJQGazllkEA2jIHZJzmyNZJHsiLeuAEckHp_ABOeOQI:1r5Xmb:bip6scMJoY2W58CsKjD2CYrWwbWeM7iZP1DgZngEsIE", "expire_date": "2023-12-05T20:55:45.621Z"}}, {"model": "sessions.session", "pk": "900pyrv0lynhjtio1xx3x0qpjveg9w5b", "fields": {"session_data": ".eJxVjEEOwiAQRe_C2hCQYhmX7j0DmWEYqRpISrsy3l2bdKHb_977LxVxXUpce57jxOqsrDr8boTpkesG-I711nRqdZkn0puid9r1tXF-Xnb376BgL986OALjvLA4RKJTAkEIBJQGazllkEA2jIHZJzmyNZJHsiLeuAEckHp_ABOeOQI:1r5pXC:mqXtd74m0PRkF3ImTXT3FW1FIT7BiBihcVxLZCh2Cf0", "expire_date": "2023-12-06T15:53:02.054Z"}}, {"model": "sessions.session", "pk": "jwgzky4rrcpvltuyhrrkdlg69jgpurvt", "fields": {"session_data": ".eJxVjEEOwiAQRe_C2hCQYhmX7j0DmWEYqRpISrsy3l2bdKHb_977LxVxXUpce57jxOqsrDr8boTpkesG-I711nRqdZkn0puid9r1tXF-Xnb376BgL986OALjvLA4RKJTAkEIBJQGazllkEA2jIHZJzmyNZJHsiLeuAEckHp_ABOeOQI:1r68K2:11IdC17fLq1R3i0_83I1WV_f-VHnKycVshjlYZdTW-A", "expire_date": "2023-12-07T11:56:42.845Z"}}, {"model": "sessions.session", "pk": "pyaurm8xxz3fn8xytdij5cwn720tna9x", "fields": {"session_data": ".eJxVjEEOwiAQRe_C2hCQYhmX7j0DmWEYqRpISrsy3l2bdKHb_977LxVxXUpce57jxOqsrDr8boTpkesG-I711nRqdZkn0puid9r1tXF-Xnb376BgL986OALjvLA4RKJTAkEIBJQGazllkEA2jIHZJzmyNZJHsiLeuAEckHp_ABOeOQI:1r5t55:LjkaJqmm-BSGao24x805hOUOx-LSqSQdbScWglzWjyA", "expire_date": "2023-12-06T19:40:15.237Z"}}, {"model": "sessions.session", "pk": "vsf9ee6nutsg4qyykqare2wfswt69pjl", "fields": {"session_data": ".eJxVjEEOwiAQRe_C2hCQYhmX7j0DmWEYqRpISrsy3l2bdKHb_977LxVxXUpce57jxOqsrDr8boTpkesG-I711nRqdZkn0puid9r1tXF-Xnb376BgL986OALjvLA4RKJTAkEIBJQGazllkEA2jIHZJzmyNZJHsiLeuAEckHp_ABOeOQI:1r5og8:xPwvC8Ys5nUsKjh-qpl-zPCcujITJlKJLVZpG85M9Ug", "expire_date": "2023-12-06T14:58:12.993Z"}}, {"model": "redactors_tracking.topic", "pk": 1, "fields": {"name": "Blockchain: Future of Transactions"}}, {"model": "redactors_tracking.topic", "pk": 2, "fields": {"name": "Decentralized Finance Explained Simply"}}, {"model": "redactors_tracking.topic", "pk": 3, "fields": {"name": "Crypto Market Trends Analysis"}}, {"model": "redactors_tracking.topic", "pk": 4, "fields": {"name": "NFTs: Digital Collectibles Revolution"}}, {"model": "redactors_tracking.topic", "pk": 5, "fields": {"name": "Understanding Cryptocurrency Basics"}}, {"model": "redactors_tracking.topic", "pk": 6, "fields": {"name": "Risks and Rewards in Crypto"}}, {"model": "redactors_tracking.topic", "pk": 7, "fields": {"name": "Wallet Security: Best Practices"}}, {"model": "redactors_tracking.topic", "pk": 8, "fields": {"name": "Ethereum: Smart Contract Innovation"}}, {"model": "redactors_tracking.topic", "pk": 9, "fields": {"name": "Bitcoin's Impact on Finance"}}, {"model": "redactors_tracking.topic", "pk": 10, "fields": {"name": "Altcoins: Diversifying Investment Portfolios"}}, {"model": "redactors_tracking.topic", "pk": 11, "fields": {"name": "ICO Investing: Key Considerations"}}, {"model": "redactors_tracking.topic", "pk": 12, "fields": {"name": "Regulation: Balancing Crypto Landscape"}}, {"model": "redactors_tracking.topic", "pk": 13, "fields": {"name": "Mining: Generating Digital Assets"}}, {"model": "redactors_tracking.topic", "pk": 14, "fields": {"name": "Crypto Trading Strategies Demystified"}}, {"model": "redactors_tracking.topic", "pk": 15, "fields": {"name": "Cryptocurrency Adoption Worldwide"}}, {"model": "redactors_tracking.newspaper", "pk": 1, "fields": {"title": "Revolutionizing Transactions: The Blockchain Impact", "content": "Blockchain technology introduces a paradigm shift in transactions, offering an immutable, decentralized ledger system.\r\nIt promises heightened security, transparency, and efficiency in recording and verifying transactions.\r\nThis innovation spans various industries beyond finance, redefining trust in data management.\r\nBlockchain's potential lies in its capacity to streamline processes while reducing costs and fraud risks.\r\nAs it continues to evolve, scalability and interoperability remain focal points for broader adoption.", "published_data": "2023-11-22T09:15:47.211Z", "topic": 1, "publishers": [9, 7, 11]}}, {"model": "redactors_tracking.newspaper", "pk": 2, "fields": {"title": "Democratizing Finance: The DeFi Revolution", "content": "DeFi, built on blockchain, transforms traditional finance by enabling peer-to-peer transactions without intermediaries.\r\nIt encompasses lending, borrowing, and trading services, fostering financial inclusion globally.\r\nDeFi's foundation lies in smart contracts, automating processes and reducing reliance on centralized authorities.\r\nDespite its promise, DeFi faces regulatory challenges and concerns regarding security vulnerabilities.\r\nIts open-source nature empowers individuals to access financial services, potentially reshaping the future of banking.", "published_data": "2023-11-22T09:16:28.343Z", "topic": 2, "publishers": [3, 2, 6]}}, {"model": "redactors_tracking.newspaper", "pk": 3, "fields": {"title": "Unveiling Crypto Market Trends: An Analysis", "content": "Analyzing crypto market trends involves studying price movements, trading volumes, and investor sentiments.\r\nUnderstanding these trends assists in making informed investment decisions within the volatile crypto space.\r\nFactors like regulatory announcements and technological advancements significantly impact market trends.\r\nThis analysis aids in identifying potential opportunities and mitigating risks associated with crypto investments.\r\nMarket trend analysis serves as a crucial tool for both seasoned and novice investors alike.", "published_data": "2023-11-22T09:17:12.552Z", "topic": 3, "publishers": [8, 10, 5]}}, {"model": "redactors_tracking.newspaper", "pk": 4, "fields": {"title": "NFTs: Transforming Collectibles in Digital Space", "content": "Non-Fungible Tokens (NFTs) represent unique digital assets recorded on a blockchain, revolutionizing collectibles.\r\nThey enable ownership authentication and provenance for digital artworks, music, and other creative assets.\r\nThe NFT market experiences rapid growth, attracting artists, collectors, and investors globally.\r\nDespite their popularity, NFTs face criticisms regarding environmental impact and speculative bubbles.\r\nTheir potential lies in reshaping ownership concepts in the digital era.", "published_data": "2023-11-22T09:18:02.592Z", "topic": 4, "publishers": [4]}}, {"model": "redactors_tracking.newspaper", "pk": 5, "fields": {"title": "Grasping Cryptocurrency Fundamentals", "content": "Understanding cryptocurrency basics involves learning about digital currencies based on blockchain technology.\r\nIt includes comprehending terms like decentralization, cryptographic security, and peer-to-peer transactions.\r\nKnowledge of wallets, private keys, and public addresses is crucial in navigating the crypto landscape.\r\nEducating oneself about various cryptocurrencies like Bitcoin, Ethereum, and their distinct functionalities is essential.\r\nMastering these fundamentals helps individuals confidently engage in crypto transactions and investments.", "published_data": "2023-11-22T09:19:05.926Z", "topic": 5, "publishers": [9, 11]}}, {"model": "redactors_tracking.newspaper", "pk": 6, "fields": {"title": "Navigating Risks and Rewards in Crypto", "content": "Crypto investments come with the potential for high returns but also involve substantial risks.\r\nVolatility, market unpredictability, and regulatory uncertainties pose significant risks in the crypto space.\r\nUnderstanding risk management strategies and conducting thorough research is crucial before investing.\r\nRewards in crypto often stem from early adoption, technological advancements, and market demand.\r\nEvaluating personal risk tolerance is essential when considering crypto investments.", "published_data": "2023-11-22T09:19:38.369Z", "topic": 6, "publishers": [3, 6]}}, {"model": "redactors_tracking.newspaper", "pk": 7, "fields": {"title": "Securing Your Crypto: Wallet Best Practices", "content": "", "published_data": "2023-11-22T09:20:00.930Z", "topic": 7, "publishers": [8, 5]}}, {"model": "redactors_tracking.newspaper", "pk": 8, "fields": {"title": "Ethereum: Pioneering Smart Contract Technology", "content": "Ethereum introduced smart contracts, self-executing agreements with predefined conditions coded on its blockchain.\r\nSmart contracts automate processes, enabling various decentralized applications (dApps) and token creation.\r\nThey revolutionize industries by offering transparency, efficiency, and reducing the need for intermediaries.\r\nEthereum's network upgrades, like Ethereum 2.0, aim to enhance scalability and sustainability.\r\nUnderstanding smart contract functionality is integral for developers and users entering the Ethereum ecosystem.", "published_data": "2023-11-22T09:20:48.475Z", "topic": 8, "publishers": [4, 10]}}, {"model": "redactors_tracking.newspaper", "pk": 9, "fields": {"title": "Bitcoin's Influence on Financial Landscapes", "content": "Bitcoin, as the pioneering cryptocurrency, reshapes traditional financial paradigms.\r\nIts decentralized nature challenges centralized banking systems and traditional monetary policies.\r\nThe adoption of Bitcoin as a store of value impacts global investment strategies and asset allocation.\r\nThe emergence of Bitcoin derivatives and futures markets further integrates it into traditional finance.\r\nUnderstanding its impact requires consideration of both technological advancements and regulatory responses.", "published_data": "2023-11-22T09:21:21.920Z", "topic": 9, "publishers": [11]}}, {"model": "redactors_tracking.newspaper", "pk": 10, "fields": {"title": "Altcoins: Broadening Investment Horizons", "content": "Altcoins refer to cryptocurrencies other than Bitcoin, offering diverse functionalities and use cases.\r\nDiversifying crypto portfolios with altcoins spreads risk and captures potential growth opportunities.\r\nConducting thorough research and understanding altcoin projects is crucial before investment.\r\nFactors such as project team, technology, and market demand influence altcoin investment decisions.\r\nAltcoins play a role in expanding crypto adoption by offering innovative solutions beyond Bitcoin.", "published_data": "2023-11-22T09:21:42.786Z", "topic": 10, "publishers": [5]}}, {"model": "redactors_tracking.newspaper", "pk": 11, "fields": {"title": "ICO Investments: Critical Factors", "content": "Initial Coin Offerings (ICOs) involve fundraising for new crypto projects through token sales.\r\nEvaluating whitepapers, project teams, and technological viability is essential before participating in ICOs.\r\nRegulatory compliance and transparency in ICOs are crucial for investor protection.\r\nAnalyzing market demand and potential token utility aids in making informed investment decisions.\r\nUnderstanding the risks associated with investing in ICOs is paramount for investors.", "published_data": "2023-11-22T09:22:19.383Z", "topic": 11, "publishers": [5, 9]}}, {"model": "redactors_tracking.newspaper", "pk": 12, "fields": {"title": "Crypto Regulation: Striking a Balance", "content": "Crypto regulation aims to provide a balance between fostering innovation and ensuring investor protection.\r\nGovernments and regulatory bodies worldwide grapple with defining and implementing crypto regulations.\r\nClarity in regulatory frameworks is essential for fostering institutional adoption of cryptocurrencies.\r\nStriking a balance between innovation and compliance remains a challenge in the evolving crypto landscape.\r\nRegulatory changes significantly impact market sentiment and crypto adoption.", "published_data": "2023-11-22T09:22:45.572Z", "topic": 12, "publishers": [3]}}, {"model": "redactors_tracking.newspaper", "pk": 13, "fields": {"title": "Mining: Creating Digital Assets", "content": "Cryptocurrency mining involves validating and recording transactions on a blockchain network.\r\nMiners use computational power to solve complex mathematical puzzles, adding new blocks to the chain.\r\nSuccessful mining rewards miners with newly created digital assets or transaction fees.\r\nThe process requires specialized hardware, electricity, and an understanding of mining algorithms.\r\nMining contributes to securing blockchain networks while incentivizing network participants.", "published_data": "2023-11-22T09:23:50.919Z", "topic": 13, "publishers": [1]}}, {"model": "redactors_tracking.newspaper", "pk": 14, "fields": {"title": "Decoding Crypto Trading Strategies", "content": "Crypto trading involves buying, selling, and exchanging digital assets in various markets.\r\nStrategies like day trading, swing trading, and HODLing (long-term holding) cater to different risk appetites.\r\nTechnical analysis using charts and indicators aids in predicting price movements for informed trading decisions.\r\nFundamental analysis evaluates a cryptocurrency's intrinsic value based on its technology and market demand.\r\nDeveloping a personalized trading strategy involves considering risk tolerance and market conditions.", "published_data": "2023-11-22T09:24:17.512Z", "topic": 14, "publishers": [5]}}, {"model": "redactors_tracking.newspaper", "pk": 15, "fields": {"title": "Global Cryptocurrency Adoption Trends", "content": "Cryptocurrency adoption varies across regions due to factors like regulatory climates and technological infrastructure.\r\nSome countries embrace cryptocurrencies as legal tender, while others impose restrictions or bans.\r\nFactors like financial instability and inflation often drive adoption in countries with economic challenges.\r\nGlobal payment integrations and partnerships contribute to increasing crypto acceptance worldwide.\r\nUnderstanding adoption trends aids in predicting future market developments and regulatory changes.", "published_data": "2023-11-22T09:24:44.002Z", "topic": 15, "publishers": [6]}}, {"model": "redactors_tracking.newspaper", "pk": 17, "fields": {"title": "test", "content": "wrvsv", "published_data": "2023-11-22T12:37:05.148Z", "topic": 10, "publishers": [10, 5]}}, {"model": "redactors_tracking.redactor", "pk": 1, "fields": {"password": "pbkdf2_sha256$600000$KZbuEMCxOsfwzQ1FqMYh7W$s5ZfOtOcOvZfAX0axFvfDQM7ODMB7R0hHt9gsJhPi2w=", "last_login": "2023-11-23T11:56:42.844Z", "is_superuser": true, "username": "admin", "first_name": "", "last_name": "", "email": "admin@admin.com", "is_staff": true, "is_active": true, "date_joined": "2023-11-21T20:53:49.993Z", "redactor_id": "", "groups": [], "user_permissions": []}}, {"model": "redactors_tracking.redactor", "pk": 2, "fields": {"password": "pbkdf2_sha256$600000$zKFWBVmQVyVdSg2zeXP7ML$2Y+QnombevOvnzABxP8+0dwynGSybR6MEcBog4JTT7k=", "last_login": null, "is_superuser": false, "username": "JohnDoe", "first_name": "", "last_name": "", "email": "", "is_staff": false, "is_active": true, "date_joined": "2023-11-22T09:00:49.091Z", "redactor_id": "QWE123456", "groups": [], "user_permissions": []}}, {"model": "redactors_tracking.redactor", "pk": 3, "fields": {"password": "pbkdf2_sha256$600000$nvCdfcSG5yvcbc9O7srDZd$mA2JHZ0RCyHJvhoVBiUzeJ+HyI84Zky9Zr/Oo8502/s=", "last_login": null, "is_superuser": false, "username": "JaneSmith", "first_name": "", "last_name": "", "email": "", "is_staff": false, "is_active": true, "date_joined": "2023-11-22T09:01:50.325Z", "redactor_id": "RTY098765", "groups": [], "user_permissions": []}}, {"model": "redactors_tracking.redactor", "pk": 4, "fields": {"password": "pbkdf2_sha256$600000$QXBHSjPwMat2qfLy1GlWGB$dAfk7GnCBK3QPK6v1w7bVCQ73YM9AvG9AuN3IizpSgc=", "last_login": null, "is_superuser": false, "username": "AlexJohnson", "first_name": "", "last_name": "", "email": "", "is_staff": false, "is_active": true, "date_joined": "2023-11-22T09:02:37.931Z", "redactor_id": "UIO135790", "groups": [], "user_permissions": []}}, {"model": "redactors_tracking.redactor", "pk": 5, "fields": {"password": "pbkdf2_sha256$600000$BhVIQK6NsLuKozzUNBD26e$JUxv2MEJIw2KUee+dYA3KeuUHx4rwj+pYGg6khy6dAw=", "last_login": null, "is_superuser": false, "username": "EmilyBrown", "first_name": "Emily", "last_name": "Brown", "email": "", "is_staff": false, "is_active": true, "date_joined": "2023-11-22T09:03:23.384Z", "redactor_id": "ASD086421", "groups": [], "user_permissions": []}}, {"model": "redactors_tracking.redactor", "pk": 6, "fields": {"password": "pbkdf2_sha256$600000$26NDwvAHLcCdmTE2wX4KGE$VTe8WoLWcrqTQ8UCNddgG8pyWdfRf7KkrLnwM699F4k=", "last_login": null, "is_superuser": false, "username": "MikeWilson", "first_name": "Mike", "last_name": "Wilson", "email": "", "is_staff": false, "is_active": true, "date_joined": "2023-11-22T09:04:21.909Z", "redactor_id": "FGH124578", "groups": [], "user_permissions": []}}, {"model": "redactors_tracking.redactor", "pk": 7, "fields": {"password": "pbkdf2_sha256$600000$UVCh0q59UKvm1ILpLBQwBF$gFr7fdT4eoUAYQfJGCTrWBrFdeRcZM3D4DeL2ErW28o=", "last_login": null, "is_superuser": false, "username": "SarahDavis", "first_name": "Sarah", "last_name": "Davis", "email": "", "is_staff": false, "is_active": true, "date_joined": "2023-11-22T09:04:52.219Z", "redactor_id": "FGH147086", "groups": [], "user_permissions": []}}, {"model": "redactors_tracking.redactor", "pk": 8, "fields": {"password": "pbkdf2_sha256$600000$WRtSbo5oOQncl8MPPfCtbo$XS/s4WmD9nUt5GBN9CfXzUQXtavtqui4Yh8XcKCc6Os=", "last_login": null, "is_superuser": false, "username": "ChrisLee", "first_name": "Chris", "last_name": "Lee", "email": "", "is_staff": false, "is_active": true, "date_joined": "2023-11-22T09:05:25.669Z", "redactor_id": "JKL147051", "groups": [], "user_permissions": []}}, {"model": "redactors_tracking.redactor", "pk": 9, "fields": {"password": "pbkdf2_sha256$600000$fVZnSY5QhpeamGHvnnrsu4$cj4P6OJxgraukVFj6VzFthXCHGy05Ixm1gK5rKjvoW8=", "last_login": null, "is_superuser": false, "username": "OliviaMartinez", "first_name": "Olivia", "last_name": "Martinez", "email": "", "is_staff": false, "is_active": true, "date_joined": "2023-11-22T09:05:56.268Z", "redactor_id": "LKJ106728", "groups": [], "user_permissions": []}}, {"model": "redactors_tracking.redactor", "pk": 10, "fields": {"password": "pbkdf2_sha256$600000$PpeiT2CEzgHHPE9k3YeUOk$XC58fMk4ANM+XBlMJd2QcBNh7MTvTIsj9GYx7SITyWk=", "last_login": null, "is_superuser": false, "username": "DanielTaylor", "first_name": "Daniel", "last_name": "Taylor", "email": "", "is_staff": false, "is_active": true, "date_joined": "2023-11-22T09:06:23.619Z", "redactor_id": "ZXC417394", "groups": [], "user_permissions": []}}, {"model": "redactors_tracking.redactor", "pk": 11, "fields": {"password": "pbkdf2_sha256$600000$jD9EKAhayzLW8yph3iwzSJ$hb5Whgk3NKnAU+jECjz4W2Cg66PmWwrXqzKIOGL71oE=", "last_login": null, "is_superuser": false, "username": "SophiaAnderson", "first_name": "Sophia", "last_name": "Anderson", "email": "", "is_staff": false, "is_active": true, "date_joined": "2023-11-22T09:06:56.255Z", "redactor_id": "TEM281640", "groups": [], "user_permissions": []}}, {"model": "redactors_tracking.redactor", "pk": 13, "fields": {"password": "pbkdf2_sha256$600000$Yu0nTBNvLI0Nfk6GBHOziz$AXF/566wg0Pxu4jWlItWTMT4Dt5HYej882owA5veOfc=", "last_login": null, "is_superuser": false, "username": "AAA", "first_name": "", "last_name": "", "email": "", "is_staff": false, "is_active": true, "date_joined": "2023-11-23T09:02:59Z", "redactor_id": "qw1", "groups": [], "user_permissions": []}}]